CustomerID,CustomerName,Email,City,Country
1,Allison Hill,jillrhodes@miller.com,New Carolyn,USA
2,Michelle Miles,shaneramirez@gmail.com,Lake Roberto,USA
3,Daniel Gallagher,jamesmichael@munoz-roman.info,South Christianport,Germany
4,Lisa Hensley,williamsjeremy@galloway-wyatt.com,Ramirezstad,UK
5,Henry Santiago,amandasanchez@gray-mayo.net,Lake Mark,UK
6,Amy Underwood,nadams@hotmail.com,Jasonfort,UK
7,Thomas Ellis,johnhoffman@yahoo.com,Hurstfurt,USA
8,Zachary Taylor,camposmichelle@gmail.com,Port Erin,Canada
9,Janice Carlson,tasha01@hotmail.com,Kaylamouth,USA
10,Jeffrey Chavez,williamrodriguez@hotmail.com,Meaganhaven,Canada
11,Brittany Farmer,tracy15@allen-allen.org,North Jessicaland,France
12,Kim Martinez,josephbrennan@yahoo.com,New Karina,USA
13,Michelle Ross,clam@gmail.com,East Caleb,USA
14,Julian Chapman,zimmermanbrian@whitehead.com,West Elizabeth,USA
15,Carlos Walls,kristenaguirre@gmail.com,North Donnastad,UK
16,John Daniel,powellmatthew@wright.net,Taylorburgh,UK
17,David Leblanc,williamsyvette@gmail.com,Port Melindaburgh,Canada
18,John Hancock,nicholasgalloway@house-glover.com,Hortonside,Canada
19,Katelyn Lee,rileyamy@edwards.net,North Susan,USA
20,Cody Larson,kwilson@riley.org,South Dianeshire,Canada
21,Taylor Harris,josephanderson@hotmail.com,Stephenland,UK
22,Marc Hart,medinawilliam@mahoney.com,Justinmouth,Canada
23,Michele Carr,sarah12@wilson-rodriguez.net,West Juan,France
24,Grant Watts,dking@gmail.com,Calderonton,UK
25,Ray Walsh,joycearnold@yahoo.com,North Charlesberg,France
26,Sandra Aguilar,tanderson@nolan-flynn.com,Jasonbury,Canada
27,Heather Castro,sarayoung@gmail.com,South Angel,Germany
28,Evelyn Galvan,erik16@garrison.com,Baileybury,USA
29,Matthew Ross,rasmussenjoshua@hotmail.com,Frazierside,UK
30,Alexander Wiley,beverlyterrell@gmail.com,New Ryanmouth,France
31,William Wilson,bradley60@frost.com,Ryanmouth,Germany
32,Mary Martinez,elizabeth56@hotmail.com,Angelaborough,Germany
33,Todd Byrd,richard04@clark-floyd.org,Stevenmouth,UK
34,Kayla Leon,campbellelizabeth@rogers.com,Port James,UK
35,David Alvarez,operry@lee.com,Lake Grace,Germany
36,Shannon Mcclure,gregoryrubio@hotmail.com,Williamsbury,USA
37,Barbara Anderson,stephanie79@hotmail.com,Rivasside,USA
38,Christopher Hensley,karen48@yahoo.com,West Scott,France
39,Cynthia Rogers,edwardreyes@mccarthy.biz,Riveramouth,USA
40,Daniel Fisher,wwoods@molina-castaneda.biz,South Jeffrey,Germany
41,Allen Rogers,marycalhoun@hotmail.com,South Brittanytown,Germany
42,Jeffrey Camacho,greenmark@murphy-juarez.biz,Karenchester,Canada
43,Bradley Smith,jeffrey10@herring.com,East David,Germany
44,Kristy Robinson,gary91@gmail.com,Danieltown,USA
45,Laura Odonnell,mdavid@gmail.com,North Heidi,France
46,Michael Trujillo,amanda51@holland.info,South Susanmouth,Canada
47,Jessica Gross,umarshall@hotmail.com,Marcusbury,USA
48,Angelica Keith,qhudson@rogers-snyder.com,South Jason,France
49,Gina Beard,blackjames@gmail.com,Freemanbury,USA
50,Maria Henry,phillipsrichard@torres.com,Transtad,Canada
51,Patrick Rivera,kristopher31@hotmail.com,West David,Germany
52,Pamela Lopez,lhill@carlson.com,West Harry,Canada
53,Joseph Hill,heidi27@salas.com,Mendozamouth,Germany
54,Anthony Everett,shortrichard@gmail.com,East Edwardshire,Canada
55,Angela Wright,kimberlyjames@yahoo.com,Michellechester,UK
56,Marc Lynch,colleenbaker@moore.net,East Aaronmouth,USA
57,Julie Johnson,jacqueline71@hotmail.com,West Kristin,USA
58,Mary Peck,stephensdeborah@yahoo.com,North Brian,UK
59,Linda Holloway,smartinez@yahoo.com,Benderhaven,Germany
60,Jessica George,cassandra01@gmail.com,Port Emilyview,USA
61,Pamela Thompson,howard96@hotmail.com,Costafort,UK
62,Gary Santiago,robert74@landry.info,West Johnnyville,USA
63,Jennifer Robertson,mgutierrez@cox.com,West Andrea,France
64,Jessica Wolfe,dudleychelsea@mckinney.net,New Rickybury,Germany
65,Susan Murray MD,scantu@thornton.info,South Andrea,France
66,Thomas Romero,hillkristy@morgan-french.com,West Jessicashire,Germany
67,Mary Grimes,jreed@hotmail.com,Gibsonmouth,UK
68,Veronica Allen,melissajenkins@yahoo.com,Thorntonfurt,Germany
69,Matthew Hoover,ihanna@sanford.info,New Reneetown,Germany
70,Jennifer Pena,harrisontanya@hanson-sanders.com,Melissaside,UK
71,Eugene Higgins,williamsonjimmy@hotmail.com,Wendyland,Germany
72,Brett Schultz,tjackson@williams.com,Nicholasberg,USA
73,Jason Maldonado,gregorylynch@harvey-allen.org,East Steven,Canada
74,David Smith,erica21@yahoo.com,Vanessaport,UK
75,Jessica Wright,yvonnecastaneda@gmail.com,South Ashley,Canada
76,Wendy Phillips,alan09@hotmail.com,Wallport,UK
77,Crystal Pham,christinebyrd@saunders.com,West Kristinaton,UK
78,Morgan Davis,julie23@gmail.com,Alyssaview,France
79,Dawn Summers,julie51@yahoo.com,East Karenbury,France
80,Misty Whitney,gibbsalexander@hotmail.com,South Miguelview,Germany
81,Samantha Bentley,thomasharvey@murphy.info,Debraville,Canada
82,Tracy Torres,davispaige@gmail.com,Chavezside,UK
83,Patrick Moore,basschristina@yahoo.com,Lake Mitchellmouth,Germany
84,David Cox,bruce43@gmail.com,Davisborough,USA
85,Linda Smith,vanessabuchanan@gmail.com,Port Kathyborough,UK
86,Robin Hall,ramireztracey@fernandez.com,East Alexisbury,USA
87,Alexis Baker,vfox@alvarez.net,South Williamton,Germany
88,Susan Hopkins,bschneider@gmail.com,Boonechester,France
89,Katherine Browning,morriseddie@hill.org,Oscarhaven,Germany
90,Jonathan Jordan,russellbeasley@morgan-chavez.biz,West Ronaldview,USA
91,Christian Leblanc,deckerchristopher@garner.com,New Sueside,UK
92,Bryan Gomez,schmittcaroline@yahoo.com,New Williamberg,Canada
93,Courtney Rodriguez,farmeraudrey@yahoo.com,New Sarahview,Germany
94,Donald Farmer,adam29@hotmail.com,Jonestown,UK
95,Joseph Bennett,eric45@hotmail.com,North Ericton,France
96,Denise Stanley,nperry@hotmail.com,West Russellport,France
97,Leslie Rose,walkertracey@gmail.com,East Kevinborough,France
98,Pamela Roberts,jimenezryan@james.com,Charleston,UK
99,Joe Miller,tberry@hotmail.com,Robertsfurt,Germany
100,Frederick Solis,christopher13@yahoo.com,Warrenfurt,UK
101,Nichole Walker,dixondaniel@lee.com,North Dwayne,UK
102,Lance Wolf,stephanieburton@webster-wolf.info,Michellemouth,Canada
103,Barry Ramos,brittany58@gmail.com,Steventon,Canada
104,Ronald Jones,jford@huang.com,Cassidyhaven,Germany
105,Antonio Garcia,wagnergerald@gmail.com,Ritterhaven,Canada
106,Caitlin Watson,vortiz@hotmail.com,Port Crystalmouth,France
107,Brandon Gregory,jennifer92@yahoo.com,New Elizabethstad,Canada
108,Matthew Bates,collinsnicholas@li-santiago.net,Lake Ellenhaven,France
109,Jack White,stacey73@cooke.com,Meganville,Germany
110,Kimberly Rodgers,nancy92@bennett.org,Lake Samuel,UK
111,Michael Young,karen73@hotmail.com,West Tammy,UK
112,Stephanie Lee,xhammond@yahoo.com,Burchborough,Canada
113,Brenda Wright,angela18@gmail.com,Christopherburgh,France
114,Taylor Hernandez,pottsjeffrey@yahoo.com,Sarahchester,USA
115,Jonathan Young,jeffrey51@santos.com,Hortonberg,USA
116,Julie Gilbert,scottmary@bentley.com,West David,USA
117,Mark Dean,copelandvincent@smith.com,Rubenstad,UK
118,Jason Beck,carlos88@hartman.info,Lake Paulstad,UK
119,Alan Kramer,jessicafuller@hotmail.com,Dennisstad,France
120,Robin Thompson,zwelch@gmail.com,Lake Kimberlymouth,Canada
121,Dakota Moody,sarah86@kennedy.com,Michelleton,USA
122,Evelyn Martinez,vpreston@yahoo.com,Morganburgh,France
123,Jonathan Glass MD,mmiller@gardner.com,West Donnaport,France
124,Mitchell Jackson,sergio59@yahoo.com,Danielleton,Canada
125,Mark Cox,thomascathy@johnson-jones.com,Patrickshire,France
126,Christian Cole,scott19@gmail.com,Raymondview,Canada
127,Brian Fitzgerald,hmcintyre@yahoo.com,Janeborough,Germany
128,Donna Hendricks DDS,melissahayes@wallace.com,Jennaside,Canada
129,Stephanie York,william13@young.com,Angelastad,USA
130,William Anderson,parkeryvonne@mendoza.org,East Teresaland,USA
131,Michael Cooper,ryanbartlett@guerra.com,Fredmouth,Canada
132,Courtney Meza,kingcynthia@hotmail.com,Davidport,Germany
133,Anna Davidson,donnale@morgan.com,North Stacyshire,Germany
134,Daniel Armstrong,ismall@may-turner.com,Evansland,USA
135,Brooke Perry,matthewthomas@hotmail.com,Jessicastad,Germany
136,Bianca Wood,john14@wright-davis.com,Linchester,France
137,Sean Moore,james27@hotmail.com,Jimenezport,UK
138,Brandon Long MD,brandywilliams@simpson-khan.info,Amandaville,France
139,Stephen Luna,brandon09@hotmail.com,West Angela,USA
140,Jonathan Duran,andersoncolin@yahoo.com,Angelastad,Germany
141,Christina Hicks,williamsjennifer@stone-hernandez.net,West Sarah,Canada
142,James Jensen,william88@yahoo.com,Thomastown,UK
143,Michael Whitney,carlsonjoseph@hotmail.com,Lake Brett,Canada
144,Mr. Nathan Hampton,lorraineallen@hotmail.com,East Andrewmouth,USA
145,Jason Harris,thorntonapril@hotmail.com,Whitneyfort,Germany
146,Emily Thompson,erica49@yahoo.com,East Joshua,Canada
147,Todd Hendrix,hannahburns@yahoo.com,Annview,Canada
148,Kenneth Daniels,stephanie24@gmail.com,Stephanieland,UK
149,Jeremy Scott,jamesryan@hotmail.com,Derrickshire,UK
150,Anthony Stein,briangutierrez@kennedy.net,South Denise,Germany
151,Karen Santos,justin01@hotmail.com,New Joanne,UK
152,Amanda Dorsey,sarahjohnson@yahoo.com,Lopezport,Canada
153,Alexandra Bradley,justin88@small-anderson.net,Nelsonville,Canada
154,Nicholas Wong,doylekrystal@craig.biz,Robertsonland,USA
155,Brandon Holden,shari04@yahoo.com,South Karen,Canada
156,Elizabeth Sharp,desiree30@wilson.net,Hannahport,Germany
157,Daniel Bernard,spencerzhang@yahoo.com,Milesfort,France
158,Rebecca Petersen,foxallison@miller-elliott.com,New Amanda,USA
159,Scott Ramos,gdavis@stokes-chavez.net,Bryantton,USA
160,Megan Parker,ascott@robinson.com,North Valeriefort,Germany
161,Jason Mack,victoria67@yahoo.com,Millerside,Germany
162,Scott Wilson,jessicawalker@gmail.com,West Stevenside,UK
163,James Hall,eric31@gmail.com,Mendeztown,USA
164,Austin Wheeler,sanchezbradley@yahoo.com,New Jeff,UK
165,Amy Gordon,lisadennis@yahoo.com,Joelberg,Canada
166,Ms. Jennifer Hill,dpeters@david-powers.net,Heatherchester,USA
167,James Webster,melissaturner@hotmail.com,Port Steven,USA
168,Jason Butler,nsanchez@lucas-nielsen.com,New Jennyborough,France
169,James Jacobs,lopezkathleen@powers.com,Susantown,USA
170,Colton Figueroa,heatherpadilla@yahoo.com,New Marc,Canada
171,John Wong,michael77@gmail.com,Gillmouth,UK
172,Jacqueline Gutierrez,allentran@riley.com,South Ashley,UK
173,Juan Harding,kathryn77@yahoo.com,Lake Laura,France
174,Nathan Freeman,combscharles@williams.com,Lake Edwardborough,Canada
175,Jacqueline Williamson,ismith@hotmail.com,Smithhaven,UK
176,Kimberly Mitchell,danieldavis@gmail.com,East Christine,Germany
177,Hector Norton,susan79@branch.com,Lake Victoriaton,Canada
178,James Tran,warnerchristopher@newman-rivera.com,East Jasonshire,Canada
179,Anthony Jones,whitemelissa@gmail.com,New Douglas,France
180,Samantha Hickman,anneknight@yahoo.com,Patrickberg,UK
181,Melissa Miller,davisjesse@gmail.com,Cassiefurt,Canada
182,Erin Walters,jperez@yahoo.com,Lopezshire,UK
183,Angelica Montgomery,millereric@bowers.com,North Adamport,Germany
184,Philip Garcia,ryanhawkins@russell.com,Michelletown,France
185,James Miller,ginajackson@turner-snyder.com,South Joshua,Germany
186,Richard Ward,mwheeler@rodriguez-torres.biz,Meaganfurt,France
187,Erin Cook,malik37@thompson-sanders.com,Jessicafort,Canada
188,Rachael Nguyen,kdiaz@gmail.com,Lake Katrina,France
189,Nicholas Hahn,ssalinas@fuentes.info,Lake Kevin,USA
190,Christian Henderson,colecarla@hotmail.com,Fergusonchester,UK
191,Rachel Ward,mackdiane@jackson-salazar.org,Rasmussenmouth,UK
192,Jessica Smith,williamstone@hotmail.com,South Neil,USA
193,Michael Vaughn,whitney71@perry-nixon.com,West Larry,Germany
194,Daniel Webb,kimheather@yahoo.com,West Bradleyville,USA
195,Greg Rodriguez,zacharyarnold@castro-mullen.com,Sotoburgh,Canada
196,Jessica Johnson,yvargas@bush.com,New Cristianside,Canada
197,Gabriel Ellis,orose@yahoo.com,Carrshire,UK
198,Harold Ellis,samantha91@anderson.com,Heatherhaven,Canada
199,Kyle Andrews,tommymedina@hotmail.com,New Garrett,UK
200,Cody Wilkinson,stephanie72@ochoa.net,Ortizfort,USA
201,Ryan Burns,flynnjeffrey@hill.com,Port Stephen,USA
202,Pamela Dunn,adamsamy@weaver-sherman.info,South Curtis,USA
203,Nicole Evans,fbaker@grimes-wilson.com,Port Joan,UK
204,Shannon Bishop,christinaglover@gmail.com,New Michaelview,USA
205,Caroline Werner,ashley81@gmail.com,Sellersview,USA
206,Beth Cline,jenniferpoole@long.biz,Hayesland,Germany
207,Paul Neal,uclements@hotmail.com,Port Kimland,USA
208,Judy Beck,flynnraymond@yahoo.com,South Joseph,Canada
209,Gail Lane,patricia00@gmail.com,Smithburgh,UK
210,Aaron Rubio,nicoleturner@davis-ward.com,Elizabethburgh,Germany
211,Mario Barber,trios@smith.com,New Jeremy,France
212,Alexandra Dominguez,ebenson@perez.com,West Michaelport,UK
213,Raymond Mullins,caseyelliott@santos.com,Jensenmouth,Canada
214,Angelica Garcia,bbell@moody-wright.com,New Carolyn,UK
215,Dominique Pugh,jamie98@adkins.com,South Paul,Canada
216,Mark Jones,sarah26@fisher.info,North Brendatown,Canada
217,Andrew Brown,courtney86@yahoo.com,Millerside,France
218,Brittany Miller,terrimoore@myers-walters.com,Hollybury,UK
219,Brandon Hamilton,parkerjudith@hotmail.com,North Alexander,France
220,Adam Crawford,gary24@hotmail.com,Port Rachelmouth,France
221,Denise Brown,xgibson@porter.com,Ericville,UK
222,Megan Wilson,trevinoalexander@ruiz.com,Port Austin,USA
223,Michelle Rios,john54@duncan.net,East Jeffreyhaven,USA
224,Dr. Andrea Marshall,mark87@gmail.com,Jamesshire,France
225,Nancy Sanchez,xcuevas@gmail.com,East Adam,Germany
226,David Reed,aaron64@harris.biz,Woodwardberg,France
227,Anna Morse,stephen19@gmail.com,Lake Lori,France
228,Keith Graham,kellyrosales@haynes-moss.com,Nelsonland,France
229,Brandy Carrillo,danielcole@russell-herrera.com,Parkerview,USA
230,Ann Aguirre,lewismelissa@gmail.com,Lake Johnstad,USA
231,Anthony Evans,cranemelissa@adkins.com,North Bryanbury,USA
232,Rodney Watson,samantha10@gonzalez.info,North Rebecca,France
233,Erin Williams,jacksonaudrey@hotmail.com,Crawfordfurt,Germany
234,Carrie Lewis,joshua20@harvey.biz,Brownview,USA
235,Jason Day,mayokimberly@castillo-harrington.com,Paulburgh,UK
236,Kyle Johnson,stokesthomas@yahoo.com,East Craig,UK
237,Deborah Velasquez,barbaramcgrath@kelly-combs.com,East Brittany,UK
238,Melissa Sloan,stacey92@vaughan.info,Gregoryton,Canada
239,David Robinson,riverachristina@gmail.com,Jennifermouth,France
240,Charles Bush,mathismichelle@brooks.biz,West Kevinberg,UK
241,Morgan Kim,grant89@yahoo.com,Lake Brianna,France
242,Eric Barker,jessicarush@myers.com,New Lucas,UK
243,Lisa Bowman,vtaylor@young.com,Port Jennamouth,Germany
244,Derek Wright,jonathan10@cruz.biz,South Trevor,France
245,Joshua Garcia,franciscojones@gmail.com,Andrewview,UK
246,Angela Jackson,jessicapayne@gmail.com,Brookefort,USA
247,Jessica Valdez,brianrivera@gmail.com,Terryside,France
248,Douglas Young,farmstrong@brown.biz,West Madisonfort,Canada
249,Alexander Jackson,wellsdarrell@yahoo.com,Burnsview,USA
250,Joshua Lopez,jacob04@yahoo.com,Bakerview,USA
251,Brittany Horton,barnettlindsey@arellano-lawrence.net,Port Paulhaven,Canada
252,Joseph Camacho,thomasmiller@hotmail.com,New Ashleyhaven,USA
253,Megan Oliver,kthompson@stokes.com,Millerchester,USA
254,Rodney Hernandez,renee11@yahoo.com,Arnoldview,UK
255,Sylvia Smith,perryeddie@hotmail.com,North Annaville,UK
256,Sharon Beard,patrick79@hotmail.com,Johnsonview,France
257,Luke Becker,fosternatasha@hotmail.com,North Julie,France
258,Stephanie Smith,juan71@gmail.com,West Terri,France
259,Roger Adams,lopezjason@yahoo.com,Malonestad,UK
260,Kaylee Moore,htaylor@hotmail.com,East Jamesborough,France
261,Danielle Bryant,joshuacolon@hotmail.com,Reidville,USA
262,Dana Burns,susanwells@hotmail.com,Maxview,UK
263,Melissa Mitchell,martinashley@gmail.com,Lake Jeffrey,France
264,Matthew Palmer,pbuck@burke.com,Charleneport,USA
265,Michelle Hill,stephen37@yahoo.com,Silvatown,France
266,Mary Bridges,kenneth17@gmail.com,Vanessamouth,Germany
267,Debbie Dawson,edwardcannon@gmail.com,Guerreroberg,France
268,Mary Bright,vsullivan@gmail.com,West Jessica,Germany
269,Joseph Glover,megan82@yahoo.com,South Davidview,France
270,Kristin Gaines,walkerjeffrey@yahoo.com,Frenchmouth,Canada
271,Kevin Ford,obrown@carpenter.com,Port Erinhaven,France
272,Anthony Dickerson,matthewbenitez@thomas-huffman.com,South Marvinburgh,UK
273,Anthony Hayes,barbaramoore@anderson.biz,Pattersonfort,UK
274,Andrew Gonzalez,mcclainkatherine@hotmail.com,North Erica,Germany
275,Danielle Steele,david68@hotmail.com,Garyton,UK
276,Earl Luna,ibarron@yahoo.com,Howardborough,USA
277,Terry Burnett,jeffreymercer@gross.net,North Michael,Canada
278,Amanda Mcdowell,wheelerbrandon@gmail.com,North Hannahchester,Canada
279,Caleb King,heathermccoy@fisher-garcia.net,Cindyberg,USA
280,Steven Hunt,daniel17@lynch.net,West Jade,Germany
281,Andrew Crawford,arivera@powers.org,Hernandezland,USA
282,Angela Cummings,stephenmadden@yahoo.com,Williamsburgh,USA
283,Sarah Ward,grodgers@gmail.com,Port Devonburgh,Canada
284,Steven Friedman,watsonmatthew@gmail.com,Rossmouth,France
285,James Jefferson,danielhorton@gmail.com,North Robert,Canada
286,Rebekah Gregory,nmaxwell@huffman.com,Knappville,Canada
287,Jessica Brown,busherica@hotmail.com,Lake Morgan,UK
288,Melissa Montgomery,timothyalvarado@hotmail.com,Hernandezside,USA
289,Lisa Smith,kchristian@walton.com,Taraton,Canada
290,Krista Gray,stevenslaurie@miller-jimenez.com,South Julietown,USA
291,Jason Hawkins,connersylvia@torres.info,Michaelton,UK
292,Sarah Rivera,jennifer11@hotmail.com,North Matthew,USA
293,Tracey Carter,williamsfrank@gmail.com,Rodriguezborough,Canada
294,Timothy Long,jenniferrodriguez@yahoo.com,Lake Maryshire,USA
295,Steven Ellis,vsmith@tran.org,Glassburgh,UK
296,Carrie Ochoa,msandoval@gordon-cruz.org,West Raymond,France
297,Edward Ballard,vmorrison@evans.net,East Jason,USA
298,Melissa Morse,williambenson@page-hodges.net,Aguilarchester,Canada
299,Stephanie Ferguson,millsanthony@gmail.com,Lake Brianview,UK
300,Candace Mitchell,maryvaughn@yahoo.com,Port Amber,Canada
301,Jesse Jensen,yyoung@roberts.biz,Fryemouth,Canada
302,Amy Manning,ogreer@mckinney.org,Port Jenny,USA
303,Jerry Lucero,sydneymoss@bennett.com,Davidshire,Canada
304,Abigail Owens,hernandezmarcus@ayala.org,Tracyshire,USA
305,Angel Zimmerman,abigailhartman@perry.biz,West Jeffreyborough,France
306,Erin Carter,wilsonmichael@gmail.com,North Felicia,Canada
307,Thomas Landry,amber40@hotmail.com,Williehaven,Canada
308,Andrew Villanueva,willie12@ferguson.com,Houstonborough,Canada
309,Michele Cherry,burgesseric@yahoo.com,Benjaminland,Germany
310,Robert Grant,rickey76@stewart-price.com,Lake Jenniferland,Germany
311,Laurie Haynes,sarah14@turner.info,Fostertown,UK
312,Joseph Taylor,susan24@hotmail.com,Susantown,Germany
313,Kristen Martinez,fmedina@clark-figueroa.com,South Rebecca,UK
314,Brenda White,dannylambert@hotmail.com,Port Karenside,Germany
315,Joshua Roberts,corey97@howard-lambert.com,West Christineborough,France
316,Jerry Jensen,arianadiaz@yahoo.com,Jacksonmouth,UK
317,Daniel Singh,mary25@yahoo.com,Griffinport,Germany
318,Mr. Matthew Miller,patriciagonzalez@hotmail.com,Lake Charlestown,France
319,Lynn Hess,rebeccaarnold@hotmail.com,Valdezberg,Germany
320,Daniel Barton,stevendixon@yahoo.com,Waynebury,USA
321,Renee Mendez,seanwhite@hopkins.info,Billyfort,USA
322,Dennis Young,paul70@hooper.com,Maryview,France
323,Laura Bennett,briana18@yahoo.com,Kaufmanbury,Canada
324,Heather Parrish,aeaton@hotmail.com,South Gabriel,Canada
325,Mason Lewis,michaellove@guerrero.com,South Emmafort,USA
326,Christopher Whitaker,bradleyberry@taylor.com,North Gabriel,USA
327,Kellie Sullivan,stacey37@haney.biz,Port Brandi,Canada
328,Lisa Dixon,sandra99@hall.com,North Jameshaven,UK
329,Samantha Jacobs,mvalenzuela@rich.net,North Timothyberg,Canada
330,Kimberly Smith,cwood@hotmail.com,Perezfort,Germany
331,Jane Chapman,eanderson@kent.com,Scotttown,UK
332,Rachel Lane,brooksjamie@ortiz-rodriguez.biz,Joseside,Germany
333,Jacob Hill,robertbowers@yahoo.com,West Angie,USA
334,Dr. Kenneth Schroeder,melissahopkins@hotmail.com,South Krista,UK
335,Ariel Romero,martintamara@gmail.com,Port Dustinchester,Germany
336,Dennis Wood,zarias@douglas.com,Lake Troy,Germany
337,Samuel Galvan,arthurgreene@hotmail.com,New Gavin,UK
338,David Smith,sheakimberly@caldwell-sullivan.com,Lake Janeland,France
339,Molly Hansen,sylvia43@hotmail.com,South Sarah,Canada
340,Debbie Russell,gordonmatthew@pratt.net,Heatherfurt,Germany
341,Patricia Todd,bmosley@yahoo.com,West Carlosbury,Canada
342,Crystal Stewart,haynesjose@yahoo.com,South Emilymouth,Canada
343,Timothy Woods,patriciaadams@hotmail.com,South Jillian,USA
344,David Baker,maryhuff@moore-rodriguez.com,Austinside,Canada
345,Sarah Watson,kvillanueva@yahoo.com,Whitehaven,Germany
346,Daniel Ray,imendoza@shaw.com,Brayhaven,USA
347,Michael Smith,ucarpenter@salazar-green.net,Joelfort,UK
348,Grace White,robertgoodwin@yahoo.com,Ramirezburgh,Germany
349,Veronica Parks,linda86@gonzalez-marsh.com,Shafferburgh,USA
350,Chad Barry,jevans@hotmail.com,South Coreyburgh,USA
351,Robert Woods,qgarner@ward-grant.com,Andrewville,Canada
352,Michael Jacobs,michael87@griffin.info,Port Gary,UK
353,Gail Welch,millermatthew@yahoo.com,Deniseview,Germany
354,Jennifer Barron,lgutierrez@gmail.com,Lake Jimmy,Germany
355,Patrick Brady,randydavis@kelley-johnson.biz,North Joseberg,Canada
356,Timothy Price,joanramos@anderson.com,Lake Michaelmouth,UK
357,Julie Pitts,staylor@hotmail.com,New Carla,Germany
358,Madison Elliott,timothy31@yahoo.com,Michaelview,UK
359,Adam Mills,justin80@weeks.com,Yatesbury,Germany
360,Kimberly Lopez,twright@hotmail.com,Claytonbury,Canada
361,Jay Allen,deborah84@yahoo.com,Port Casey,France
362,Brian Gibson,jackie73@yahoo.com,East Brandonside,Germany
363,William Campbell,oacosta@hernandez.com,Robertfort,USA
364,Mrs. Raven Rivera DVM,adamsphilip@harrison.biz,North Theresabury,USA
365,William Wright,stevenwise@wade.com,Ericton,France
366,Krista Martinez,james03@gmail.com,Lake Ryan,Germany
367,Robert Richards,albertwilliams@hotmail.com,Barkerberg,USA
368,Brandon Moore,sarah00@newman-miles.com,South Jesse,USA
369,Dr. Nicole Trujillo,andrewgray@hotmail.com,West Rachel,Germany
370,Mr. Edward Terry,amymorris@hill-guerra.net,North Amanda,UK
371,Robert Weaver,parsonswilliam@hotmail.com,North Christine,Germany
372,Manuel Flores,rlee@cannon-moore.com,Robertmouth,UK
373,Joseph Jones,morganharris@lee-johnson.biz,Foxshire,France
374,Jacob Obrien,conradjason@hebert-collier.info,West Angelachester,Canada
375,Rebecca Brown,navarromary@gmail.com,New Colton,France
376,Kim Lopez,angelagrant@garcia.info,Andradeburgh,Canada
377,Krista Wagner,umahoney@frey.biz,Charleneshire,USA
378,Jaime Pierce,suzanne76@gmail.com,West Caitlinhaven,USA
379,Steve Smith,melissasmith@short.org,North Benjamin,USA
380,Charles Richardson,jonathanevans@ross.com,Thompsonshire,UK
381,Anna May,dmiller@bailey-montoya.biz,Port Kayleetown,Canada
382,Lynn Brown,amber25@wolfe.biz,Mullinsshire,USA
383,Courtney Roberts,davidmiller@hotmail.com,New Raymondland,Germany
384,Jeffrey Wolfe,fhansen@pearson-gonzalez.org,East Charles,Canada
385,Erica Glass,powersrodney@lee-cooper.com,Garystad,Canada
386,Wanda Ramos,owilliams@jennings.com,Lake Brianberg,UK
387,Samantha Smith,shannon05@singh.com,Anaberg,France
388,Mary Bennett,george43@williamson.com,South Donnastad,UK
389,Alicia Dillon,tinaromero@hotmail.com,West Toddside,USA
390,Cristian Rasmussen,wrightalyssa@burns-garner.com,Gabriellestad,Germany
391,Cynthia Good,garrettnatasha@gmail.com,Jeremiahmouth,Germany
392,Mary Miller,robertberry@yahoo.com,Reneemouth,USA
393,Carlos Delgado,kylethornton@browning.com,West Carlos,Germany
394,Michelle White,cannonnicole@ali-turner.com,Port Jacob,UK
395,Alexander Odom,caitlynhall@gmail.com,Christopherfort,UK
396,Ryan Harrison,melissahenry@gmail.com,East Jeremy,USA
397,Wayne Schaefer,juliamcneil@gmail.com,East Saramouth,Germany
398,Katherine Nguyen,ronaldparsons@hotmail.com,Cortezfurt,Canada
399,Natalie Wheeler,hayesmargaret@rich.net,Terrellton,France
400,Kelli Mccoy,kellysanders@ayala-mitchell.com,Phillipston,Canada
401,Stephanie Ford,sharpdaniel@hotmail.com,South Robert,UK
402,Christopher Garza,udavis@wong.com,North Jasminstad,UK
403,Michael Acosta,cpierce@barr.com,Port Duane,UK
404,Amber Parker,courtney12@gmail.com,New Kathytown,UK
405,Scott Stephens,lyoung@alvarez.org,East Nicoleview,France
406,Kristin Bryan,eddiedelgado@thomas.org,Markland,USA
407,Jason Thompson,tammycurry@yahoo.com,North Kaylamouth,UK
408,James Jones,carterdennis@hotmail.com,Markchester,Germany
409,Melissa Salazar,webbhaley@mitchell.net,Sarashire,France
410,Nicholas Jimenez PhD,tiffany01@marshall.com,Gutierrezmouth,UK
411,Robert Lewis,jonathan14@hunter-nguyen.com,Lake Mathewfurt,Germany
412,Lisa Johnson,markmorgan@mendoza.com,Mooremouth,UK
413,Kimberly Rogers,conleykevin@hotmail.com,Angelatown,USA
414,Michael Marsh,montesjuan@gmail.com,Tonyaside,France
415,Laura Price,janet50@gutierrez-crawford.com,Shannonport,USA
416,Eric Rodriguez,robinwallace@lloyd.com,West Sandra,France
417,Kelly Rowe,shortsharon@haney.biz,North Larryton,UK
418,Linda Miller,garciakatie@hotmail.com,Andrewport,UK
419,Christine Gonzalez,amanda71@yahoo.com,East Joshua,France
420,Marcus Palmer,andrea42@brock.com,Amberton,Germany
421,John Lowe,bbrown@white-carlson.org,Jensenport,Germany
422,Craig Chang,fbradley@mcdonald.info,Hallbury,UK
423,Steven Scott,qwhite@yahoo.com,Shawntown,UK
424,Brian Mendoza,katrina99@romero.com,Angelaland,USA
425,Kim Morales,christinekelley@yahoo.com,Jonesborough,UK
426,Leslie Mueller,amy32@hotmail.com,Lake Sarahshire,France
427,Ashley Carlson,shortgregory@yahoo.com,New Danielfurt,Germany
428,Matthew Brown,paigeberger@pacheco.info,Petershire,Germany
429,Daniel Rich,samantha65@gmail.com,New Valeriefurt,USA
430,Sarah Brown,warnerlori@rodriguez-campbell.com,South Jacqueline,Germany
431,Evan Reyes,qgardner@gmail.com,Taylorside,Germany
432,Tim Larsen,whitney22@jones.com,Barrettberg,Canada
433,Martin Perry,dhanson@hotmail.com,Arnoldmouth,France
434,Darius Coleman,pbradford@shaw.com,North Ashleystad,Canada
435,John Vaughn,steven18@davis.com,Chloemouth,Germany
436,Alexandra Gibson,robert44@gmail.com,Lake Sandraport,USA
437,Kristy Brown,ashleydouglas@yahoo.com,West Toddberg,USA
438,Sarah Ramirez,joshua40@rodriguez.com,Woodburgh,Germany
439,Michael Washington,tracey29@monroe.biz,Lake Scott,UK
440,Christine Navarro,maykarla@gmail.com,East Stevenfort,Canada
441,Paul Goodwin,yvega@baker-moreno.biz,West Saramouth,Germany
442,Ethan Moreno,hardindana@bishop-pearson.com,Josephville,USA
443,Kevin Murray,aprilbyrd@edwards.com,North Roberthaven,USA
444,Jeremy Robinson,james09@gmail.com,New Dianeborough,Canada
445,Margaret Erickson,gatesdavid@gallagher.com,Lake Jackport,France
446,Timothy Fowler,qschwartz@yahoo.com,Fernandoland,Germany
447,Antonio Price,stephanie42@jones-krause.com,Whitefort,Germany
448,Joshua Reynolds,gbaldwin@jones.com,Smithfort,France
449,Martin Fitzpatrick,edward56@hotmail.com,New Jasminefort,Canada
450,Jared Luna,aaronfinley@martinez-nichols.com,Evelynfurt,Canada
451,Zachary Holland,christopher74@hotmail.com,East Angela,USA
452,Mary Evans,mccoymichael@gmail.com,Mossberg,France
453,Alexander Davies,yprice@schneider.info,North Matthewmouth,Canada
454,Amanda Wilson,joycehall@gmail.com,Lake Donaldtown,UK
455,Thomas Williams,jacksonbrendan@hoover-davis.org,Port Brittany,Germany
456,Ashley Crawford,brockronald@gregory.org,West Mary,USA
457,Pamela Watkins,martinezdonald@yahoo.com,Lake Mitchell,France
458,David Perkins,moodycrystal@strickland-smith.info,North Adrianland,USA
459,Linda Campbell,jamiebowman@hotmail.com,Jenkinsburgh,Canada
460,Amanda White,burtonkimberly@yahoo.com,Smithbury,Canada
461,William Davila,stevensims@gmail.com,Brianville,UK
462,Melinda Schmitt,qthompson@gmail.com,Lake Michaelborough,Germany
463,Geoffrey Trujillo,garciabrian@hotmail.com,East Kristen,France
464,Mr. Steven Griffith,rgonzalez@yahoo.com,Port Daniel,USA
465,David Gutierrez,evance@richards-brown.biz,East Sarah,Germany
466,James Taylor,theresa35@johnson.com,Derekmouth,Canada
467,Christopher Cooper,kristinelittle@hotmail.com,New Tara,Germany
468,Angelica Vincent,brittanyhood@yahoo.com,Lake Ronniebury,USA
469,Jeffrey Walker,butlerbradley@quinn-gordon.biz,Mendozaville,Germany
470,David Hansen,idodson@phillips-holland.com,South Elizabethburgh,Canada
471,Shannon Burgess,iford@sullivan.info,Port Courtneyfurt,Germany
472,Faith Johnson,helen98@hotmail.com,Port Gail,France
473,Gabriela Randolph,rodriguezmichael@hotmail.com,West Michaelside,Germany
474,Kristina Ayala,john17@crosby.com,West Michael,France
475,Michael Ramirez,michael78@gallegos.net,Shannonstad,Germany
476,Theresa Lamb,patriciaellis@myers.com,North Fredville,Canada
477,Kathleen Golden,robert82@reed-wallace.com,Jaimetown,UK
478,Crystal Meza,plane@hotmail.com,Toddhaven,UK
479,Jill Torres,george43@watson-roberts.com,West Justin,France
480,Lisa Martin,teresafranco@hotmail.com,East John,France
481,Eugene Martinez,jack80@hotmail.com,Tiffanyberg,UK
482,Joshua Martin,knapprichard@yahoo.com,South Sarah,Canada
483,Wayne Payne,thomas49@hotmail.com,Port Annette,Canada
484,Jessica Norris,taylorandrea@yahoo.com,South Christinabury,Germany
485,Brandon Brown,kimberlywang@johnson.info,New Prestonfort,France
486,Larry Harding,bhernandez@yahoo.com,Watsonport,Canada
487,Eric Griffin,jessicawallace@lara-roberts.biz,Taylorshire,USA
488,Briana Turner,fitzpatrickbrittany@yahoo.com,North Robertview,Germany
489,Justin Page,jacobjames@henry.org,Troymouth,Germany
490,Rick Moore,qmartinez@yahoo.com,Whitebury,UK
491,Phillip Snyder,bianca96@burton-alvarez.com,Williamshire,France
492,David Perkins,steven25@brown.biz,Brandonport,Canada
493,Taylor Palmer,georgegary@brennan-serrano.com,Ginastad,Canada
494,Kevin Morrow,aprilwatson@jenkins-mccall.com,East Ericbury,Germany
495,Rebecca Hansen,estevens@fuentes.info,Larrystad,France
496,Jeremy Huerta,jenniferjohnson@gmail.com,East Melissa,France
497,Darrell Martinez,colemankathryn@jones.biz,East Danielhaven,France
498,Julie Kerr,turneralex@patton.com,East Ellen,UK
499,Charles Francis,michael89@gmail.com,North Loritown,Canada
500,Michelle Brandt,beltrancorey@knapp.info,Helenburgh,France
